id	clid	clue.value	marc-validated	marc valid note	kayla-validated	release	dow	difficulty	type	definition.0	definition.1	hints.0.category	hints.0.value	hints.0.end.value.0	hints.0.end.value.1	hints.0.end.value.2	hints.0.end.value.3	hints.0.explainer	hints.1.category	hints.1.value	hints.1.end.value.0	hints.1.end.value.1	hints.1.end.value.2	hints.1.end.value.3	hints.1.explainer	hints.2.category	hints.2.value	hints.2.end.value.0	hints.2.end.value.1	hints.2.end.value.2	hints.2.end.value.3	hints.2.explainer	hints.3.category	hints.3.value	hints.3.end.value.0	hints.3.end.value.1	hints.3.end.value.2	hints.3.end.value.3	hints.3.explainer	hints.4.category	hints.4.value	hints.4.end.value.0	hints.4.end.value.1	hints.4.end.value.2	hints.4.end.value.3	hints.4.end.value.4	hints.4.explainer	hints.5.category	hints.5.value	hints.5.end.value.0	hints.5.end.value.1	hints.5.end.value.2	hints.5.end.value.3	hints.5.explainer	solution.value	source.value
400	400	Select most common Scrabble piece, upon reflection	FALSE	"UPON REFLECTION indicates a reversal on E TILE, making it ELITE"—I think this should read "UPON REFLECTION indicates a reversal *of* E TILE, making [without it] ELITE"	FALSE	12/31/2025	Wednesday	3	reversal	Select		synonym	most common Scrabble piece	e tile					reversal	upon reflection	e tile	elite																																	elite	Kegler
386	386	Discussed Colorado ski resort’s cover	TRUE		FALSE	12/30/2025	Tuesday	2	homophone	cover		synonym	Colorado ski resort	Vail					homophone	Discussed	Vail	veil																																	veil	Kegler
379	379	Magnifier for a jeweler’s ring described	TRUE		FALSE	12/29/2025	Monday	2	homophone	Magnifier for a jeweler		synonym	ring	loop					homophone	described	loop	loupe																																	loupe	Kegler
390	390	Reportedly give permission to Latvian	TRUE		FALSE	12/28/2025	Sunday	3	homophone	Latvian		synonym	give permission	let					homophone	Reportedly	let	Lett																																	Lett	Kegler
403	403	Relative is haggard; not good	FALSE	I think I fixed this	FALSE	12/27/2025	Saturday	3	deletion	Relative		synonym	haggard	gaunt					deletion	not good	gaunt	aunt																																	aunt	Kegler
380	380	Babe’s husband dropped daily routines	FALSE	I think I fixed this	FALSE	12/26/2025	Friday	3	deletion	daily routines		synonym	Babe's	Ruths					deletion	husband dropped	Rut	s			"H" for "husband" is dropped																														ruts	Kegler
383	383	Lifesaver put into reed boat	FALSE	On first trial, the container falls on top of existing letters; on second trial, it worked correctly	FALSE	12/25/2025	Thursday	3	container	boat		symbol	Lifesaver	o					synonym	reed	cane					container	put into	can	O	e																									canoe	Kegler
378	378	Mushroom found in mousse? No kidding!	FALSE	Glitches—I imagine it might be tricky to program it to ignore the question mark	FALSE	12/24/2025	Wednesday	2	hidden word	Mushroom		hidden word	found in	mousse? No kidding	eNoki																																								enoki	Kegler
387	387	Certain welcomer describes college’s first hurdle for a doctor-to-be	FALSE	On first trial, the container falls on top of existing letters; on second trial, it worked correctly	FALSE	12/23/2025	Tuesday	2	container	first hurdle for a doctor-to-be		synonym	Certain welcomer	mat					particle	college's first	c					container	describes	m	c	at																									MCAT	Kegler
385	385	Fate protects ex-soldier and country music singer Lyle	FALSE	On first trial, the container falls on top of existing letters; on second trial, it worked correctly	FALSE	12/22/2025	Monday	2	container	country music singer Lyle		synonym	fate	lot					synonym	ex-soldier	vet					container	protects	lo	vet	t																									Lovett	Kegler
396	396	Backing up, we’re nearly entering B&B, a place that makes its own beer	FALSE	I might've fixed this?	FALSE	12/21/2025	Sunday	3	charade, container, reversal	a place that makes its own beer		particle	B&B	bb					direct	up						particle	we're nearly	wer					container	entering	b	up	wer	b		reversal	Backing	bupwerb	brewpub												brewpub	Kegler
397	397	Couple of officials in Ukraine’s capital following professional Russian composer	FALSE	I might've fixed this	FALSE	12/20/2025	Saturday	3	charade, container	Russian composer		synonym	professional	pro					particle	Couple of officials	of					synonym	Ukraine's capital	Kiev					container	in	pro	K	of	iev																	Prokofiev	Kegler
393	393	Dirt contains last of the identical vegetable product 	FALSE	On first trial, the container falls on top of existing letters; on second trial, it worked correctly	FALSE	12/19/2025	Friday	3	charade, container	vegetable product		synonym	Dirt	soil					particle	last of the	e					synonym	identical	same					container	contains	s	e	same	oil																	sesame oil	Kegler
398	398	Two commanding officers running protective shelter	TRUE		FALSE	12/18/2025	Thursday	3	charade	protective shelter		symbol	Two commanding officers	coco					synonym	running	on				"Running" can be "on," like an electrical appliance																														cocoon	Kegler
402	402	Sheltered a CSA general	TRUE		FALSE	12/17/2025	Wednesday	2	charade	Sheltered		direct	a						synonym	CSA general	Lee				ALEE is one of the 150 most common answer words in New York Times crosswords																														alee	Kegler
388	388	University more confident in one taking lots of interest?	TRUE		FALSE	12/16/2025	Tuesday	2	charade	one taking lots of interest?		symbol	University	U					synonym	more confident	surer																																		usurer	Kegler
401	401	Erin’s funny memo starter 	FALSE	On first trial, the anagram falls on top of existing letters; on second trial, it worked correctly	FALSE	12/15/2025	Monday	2	anagram	memo starter		anagram	funny	Erin	in re																																								in re	Kegler
391	391	Monopolize turbulent Matterhorn creek 	FALSE	On first trial, the anagram falls on top of existing letters; on second trial, it worked correctly	FALSE	12/14/2025	Sunday	4	anagram	Monopolize		anagram	turbulent	Matterhorn creek	corner the market																																								corner the market	Kegler
394	394	Cable TV channel initially programs “Measurement for Chefs”	FALSE	I believe I've fixed this	FALSE	12/13/2025	Saturday	3	charade	"Measurement for Chefs"		synonym	Cable TV channel	TBS					particle	initially programs	p																																		tbsp	Kegler
392	392	Taiwan fortunes wasted in places to get drinks	FALSE	On first trial, the anagram falls on top of existing letters; on second trial, it worked correctly	FALSE	12/12/2025	Friday	3	anagram	places to get drinks		anagram	wasted	Taiwan fortunes	water fountains																																								water fountains	Kegler
381	381	Left endives out, it’s apparent	FALSE	On first trial, the anagram falls on top of existing letters; on second trial, it worked correctly	FALSE	12/11/2025	Thursday	3	anagram	apparent		anagram	out	Left endives	seLf-evident																																								self evident	Kegler
399	399	Nut rowed, bucking riptide	FALSE	On first trial, the anagram falls on top of existing letters; on second trial, it worked correctly	FALSE	12/10/2025	Wednesday	2	anagram	riptide		anagram	bucking	Nut rowed	undertow																																								undertow	Kegler
389	389	She honors plastic cobbler’s implements	FALSE	On first trial, the anagram falls on top of existing letters; on second trial, it worked correctly	FALSE	12/9/2025	Tuesday	2	anagram	cobbler's implements		anagram	plastic	she honors	shoehorns																																								shoehorns	Kegler
395	395	Assist keeping last of powder dry	FALSE	I think I fixed this	FALSE	12/8/2025	Monday	1	container	dry		synonym	Assist	aid					particle	last of powder	r					container	keeping	a	r	id																									arid	Kegler
382	382	Reverend Spooner’s pull purchases some pasta	FALSE	I fixed this	FALSE	12/7/2025	Sunday	4	spoonerism	some pasta		synonym	pull	tow					synonym	purchases	buys					spoonerism	tow buys	bow ties																											bowties	Kegler
374	374	Controlling boss and resident assistant upset college housing	FALSE	The RA doesn't come down with the reversal of DORM to MROD	FALSE	12/6/2025	Saturday	3	charade, reversal	Controlling boss		symbol	resident assistant	RA					synonym	college housing	dorm					reversal	upset	dorm	mrod																										ramrod	Kegler
373	373	Item you finally can back	FALSE	I believe I've fixed this clue	FALSE	12/5/2025	Friday	3	charade, reversal	Item		particle	you finally	u					synonym	can	tin					reversal	back	tinu	unit																										unit	Kegler
370	370	Fussy details aroused UFO furor	FALSE	On first trial, FROU FROU fell on top of UFO FUROR; second trial worked correctly	FALSE	12/4/2025	Thursday	3	anagram	Fussy details		anagram	aroused	UFO furor	frou frou																																								froufrou	Kegler
377	377	Food store counter; one was in front	FALSE	Glitched out, probably because I failed to correct capitalization	FALSE	12/3/2025	Wednesday	2	charade, reversal	Food store		symbol	one	i					synonym	was in front	led					reversal	counter	iled	deli																										deli	Kegler
376	376	Parrot’s mouth holds tailless cat	FALSE	The clue glitches right from the start (I may have fixed it)	FALSE	12/2/2025	Tuesday	2	container	Parrot		synonym	mouth	maw					particle	tailless cat	ca					container	holds	ma	ca	w																									macaw	Kegler
384	384	Chooses new spot	FALSE	On first trial, anagram of SPOT fell on top of existing letters (correct on second trial, but started a pixel too high—seems like "one pixel too high" is built into a lot of moves, including, I think, the final solution letters in the square boxes at the end—I believe these are one pixel higher than they should be) 	FALSE	12/1/2025	Monday	1	anagram	Chooses		anagram	new	spot	opts																																								opts	Kegler
357	357	Tender pastor Rev. Spooner describes a pushy cat	TRUE		FALSE	11/30/2025	Sunday	4	spoonerism	Tender pastor		synonym	pushy cat	shoving leopard					spoonerism	Rev. Spooner	shoving leopard	loving shepherd																																	loving shepherd	Midas
366	366	Gets into general’s receding retirement savings	FALSE	On first trial, container falls onto existing letter; on second trial, it fell below as intended. In either case, the last hint causes an error. (possibly because I hadn't capitalized "Gets," which I have fixed.)	FALSE	11/29/2025	Saturday	3	container, reversal	retirement savings		direct	Gets						symbol	general	gen					container	into	G	gets	en			reversal	Ggetsen	nestegG																				nest egg	Kegler
361	361	Nut in our group returned money up front	FALSE	The WE that reverses falls down on top of CASH rather than below it	TRUE	11/28/2025	Friday	3	charade, reversal	Nut		synonym	money	cash					synonym	our group	we					reversal	returned	we	ew																										cashew	Kegler
369	369	Skate’s shaft	FALSE	Needs to be re-uploaded now that I capitalized "skate"	TRUE	11/27/2025	Thursday	3	double definition	Skate	shaft																																												ray	Kegler
372	372	EMT’s skill with chromium-plated penny 	FALSE	CPR falls down on top of CR P, rather than falling down from it	TRUE	11/26/2025	Wednesday	2	container	EMT's skill		symbol	Chromium	Cr					symbol	penny	p					container	plated	C	p	r																									CPR	Kegler
368	368	Partially budget her nettlesome intercomputer communication system	FALSE	On first trial, ETHERNET pops up one line above BUDGET HER NETTLESOME rather than in line with it; on second trial, it's one pixel too high	TRUE	11/25/2025	Tuesday	2	hidden word	intercomputer communication system		hidden word	partially	budget her nettlesome	ethernet																																								ethernet	Kegler
371	371	Change advertisement: “Place for rent”	TRUE		TRUE	11/24/2025	Monday	2	charade	Change		symbol	advertisement	ad					synonym	Place for rent	apt																																		adapt	Kegler
355	355	Rowdy males back beach parties	TRUE		TRUE	11/23/2025	Sunday	4	anagram	beach parties		anagram	rowdy	males back	clam bakes																																								clam bakes	Kegler
354	354	Kansas without eccentric running back performed poorly	TRUE		TRUE	11/22/2025	Saturday	3	container, reversal	performed poorly		symbol	Kansas	KS					synonym	eccentric	nut					container	without	K	nut	S		Here, "without" means "on the outside of"	reversal	running back	KnutS	StunK																			stunk	Kegler
352	352	Fixes some clothing snagged by crew eavesdropping	FALSE	REWEAVES is a pixel up from the other text	TRUE	11/21/2025	Friday	3	hidden word	Fixes some clothing		hidden word	snagged by	crew eavesdropping	reweaves																																								reweaves	Kegler
367	367	Drink he mentioned with a titter	TRUE		TRUE	11/20/2025	Thursday 	3	homophone	a titter		synonym	Drink	tea					direct	he	he					homophone	mentioned	tea he	tee hee																										teehee	Kegler
360	360	Crown old criminal chieftain	TRUE		TRUE	11/19/2025	Wednesday 	2	charade	criminal chieftain		synonym	crown	cap					symbol	old	o																																		capo	Kegler
364	364	Red got up	FALSE		TRUE	11/18/2025	Tuesday	2	double definition	Red	got up																																												rose	Kegler
365	365	Listless lothario exhibits laziness	FALSE		TRUE	11/17/2025	Monday	1	hidden word	laziness		hidden word	exhibits	Listless lothario	sloth																																								sloth	Kegler
353	353	Flooded section of parish saw anger ebbing	FALSE		TRUE	11/16/2025	Sunday	3	hidden word, reversal	Flooded		hidden word	section of	parish saw anger	hsawa				reversal	ebbing	hsawa	awash			"Ebbing," or "flowing back," indicates the reversal																														awash	Kegler
349	349	Fight about Madame, one who clutters in-boxes	FALSE		TRUE	11/15/2025	Saturday	3	container	one who clutters in-boxes		synonym	Fight	spar					symbol	Madame	mme				"Mme" is the French abbreviation for "madame"	container	about	spa	mme	r																									spammer	Kegler
359	359	Bats only move us in a spiteful way	FALSE	FALSE	TRUE	11/14/2025	Friday	3	anagram	in a spiteful way		anagram	bats	only move us	venomously																																								venomously	Kegler
375	375	Operator fences each area away from shore	FALSE	FALSE	TRUE	11/13/2025	Thursday	3	charade	area away from shore		symbol	Operator	o					synonym	fences	pens					symbol	each	ea																											open sea	Kegler
358	358	Nag sold, around $100	FALSE	FALSE	TRUE	11/12/2025	Wednesday	2	container	Nag		direct	sold	sold					symbol	$100	c				"C," short for "C-note," became a slang term for a $100 bill when the Roman numeral C featured prominently on the bill in the late 19th and early 20th centuries	container	around	s	c	old																									scold	Kegler
362	362	Picture taken by Virginia; there it is	FALSE	FALSE	TRUE	11/11/2025	Tuesday	2	container	there it is		synonym	picture	oil					symbol	Virginia	VA					container	taken by	V	oil	A																									voila	Kegler
363	363	Share half of quotations	FALSE	FALSE	TRUE	11/10/2025	Monday	1	deletion	Share		direct	quotations						deletion	half of	quotations	quota																																	quota	Kegler
344	344	Note interrupting bad notes?	TRUE	FALSE	TRUE	11/9/2025	Sunday	4	container	notes?		symbol	Note	re					direct	bad	bad					container	interrupting	b	re	ad		Here, "notes," with a question mark, refers to bank notes, or currency—"bread" in slang																							bread	Kegler
345	345	Isolate senile bum	TRUE	FALSE	TRUE	11/8/2025	Saturday	3	anagram	Isolate		anagram	bum	senile	enisle																																								enisle	Kegler
350	350	Spanish aunt welcoming Harold's muse	TRUE	FALSE	TRUE	11/7/2025	Friday	3	container	muse		synonym	Spanish aunt	tia					synonym	Harold	Hal					container	welcoming	t	hal	ia		Thalia was the name for the ancient Greek muse of comedy																							thalia	Kegler
351	351	Narrow-minded teacher's pet grabbing Daniel	TRUE	FALSE	TRUE	11/6/2025	Thursday	3	container	Narrow-minded teacher		direct	pet						symbol	Daniel	Dan					container	grabbing	pe	Dan	t																									pedant	Kegler
346	346	Amazingly fun dream, like some pictures	TRUE	FALSE	TRUE	11/5/2025	Wednesday	2	anagram	like some pictures		anagram	Amazingly	fun dream	unframed																																								unframed	Kegler
348	348	New York team supporter turned back	TRUE	FALSE	TRUE	11/4/2025	Tuesday	2	reversal	New York team		synonym	supporter	stem				As a stem supports other parts of a plant	reversal	turned back	stem	Mets																																	mets	Kegler
356	356	Parodies involving dog in the comics	TRUE	FALSE	TRUE	11/3/2025	Monday	1	hidden word	dog in the comics		hidden word	involving	Parodies	Odie																																								odie	Kegler
339	339	Rundown cab enters foreign realms	TRUE	FALSE	TRUE	11/2/2025	Sunday	4	anagram, container	Rundown		synonym	cab	hack				"Hack" as slang for a taxicab is a shortening of "hackney," originally a term for a type of horse but later applied to carriages for hire	anagram	foreign	realms	ramsle				container	enters	rams	hack	le																									ramshackle	Kegler
341	341	Overlook a long religious text	TRUE	FALSE	TRUE	11/1/2025	Saturday	3	charade	religious text		synonym	Overlook	miss					direct	a	a					symbol	long	l																											missal	Kegler
342	342	Comes down while carrying lantern	TRUE	FALSE	TRUE	10/31/2025	Friday	3	container	Comes down		synonym	while	as					synonym	lantern	light					container	carrying	a	light	s																									alights	Kegler
343	343	Youngster has rare gait	TRUE	FALSE	TRUE	10/30/2025	Thursday	2	container	gait		synonym	Youngster	tot					symbol	rare	r					container	has	t	r	ot																									trot	Kegler
335	335	Valerie, I'm holding up tranquilizer	TRUE	FALSE	TRUE	10/29/2025	Wednesday	2	charade, container	tranquilizer		synonym	Valerie	val					direct	im						symbol	up	u					container	holding	val	i	u	m																	valium	Kegler
340	340	Believe in true sign of disuse	TRUE	FALSE	TRUE	10/28/2025	Tuesday	2	charade	Believe in		symbol	true 	t					synonym	sign of disuse	rust																																		trust	Kegler
336	336	Humid block party's debut	TRUE	FALSE	TRUE	10/27/2025	Monday	2	charade	Humid		synonym	block	dam					particle	party's debut	p																																		damp	Kegler
338	338	Famous trio of women counter formidable foe, for the most part	TRUE	FALSE	TRUE	10/26/2025	Sunday	4	charade, deletion, reversal	Famous trio		symbol	women	w					synonym	formidable foe	nemesis					deletion	for the most part	nemesis	nemesi				reversal	counter	nemesiw	wisemen																			wise men	Kegler
334	334	Adult comics admitting bit of angst is in store	TRUE	FALSE	TRUE	10/25/2025	Saturday	3	charade, container	is in store		symbol	Adult	a					synonym	comics	wits					particle	bit of angst	a					container	admitting	a	w	a	its																	awaits	Kegler
337	337	Leo, for one, with soldiers returning mid-month	TRUE	FALSE	TRUE	10/24/2025	Friday	3	charade, reversal	Leo, for one		synonym	soldiers	GIs					reversal	returning	GIs	sIG				particle	mid-month	n				Leo is an astrological sign																							sign	Kegler
333	333	Seldom seen Conservative in panic	TRUE	FALSE	TRUE	10/23/2025	Thursday	2	container	Seldom seen		symbol	Conservative	c					synonym	panic	scare					container	in	scar	c	e																									scarce	Kegler
332	332	Cheer with every other breath	TRUE	FALSE	TRUE	10/22/2025	Wednesday	2	deletion	Cheer		particle	every other breath	rah				Deleting every other letter of "breath" yields "rah"																																					rah	Kegler
330	330	Shortstop gets into vigorous squabble	TRUE	FALSE	TRUE	10/21/2025	Tuesday	2	container	squabble		symbol	Shortstop	ss					synonym	vigorous	hale					container	gets into	ha	ss	le																									hassle	Kegler
347	347	Bush reorganized activity centers	TRUE	FALSE	TRUE	10/20/2025	Monday	1	anagram	activity centers		anagram	reorganized	Bush	hubs																																								hubs	Kegler
325	325	Thanks boyfriend taking lover's first picture	TRUE	FALSE	TRUE	10/19/2025	Sunday	4	charade, container	picture		synonym	Thanks	ta				"Ta" is a slangy "thanks" in the UK	synonym	lover	beau					particle	lover's first	l					container	taking	ta	b	l	eau																	tableau	Kegler
272	272	Nick describes hot pilot’s position of authority	TRUE	FALSE	TRUE	10/18/2025	Saturday	4	charade, container	position of authority		synonym	Nick	chip					symbol	hot	h					synonym	pilot's	airmans				The implied apostrophe is ignored	container	describes	c	h	airmans	hip																	chairmanship	Kegler
329	329	Three-dimensional artwork of underwater structure surrounding large island	TRUE	FALSE	TRUE	10/17/2025	Friday	3	charade, container	Three-dimensional artwork		synonym	underwater structure	reef					symbol	large	l					symbol	island	i					container	surrounding	re	l	i	ef																	relief	Kegler
327	327	Actress Russo, married, handled more issues?	TRUE	FALSE	TRUE	10/16/2025	Thursday	2	charade	handled more issues?		synonym	Actress Russo	rene					synonym	married	wed																																		renewed	Kegler
326	326	Beg for rascal stories	TRUE	FALSE	TRUE	10/15/2025	Wednesday	2	charade	Beg		synonym	rascal	imp					synonym	stories	lore																																		implore	Kegler
331	331	Woman's short boy	TRUE	FALSE	TRUE	10/14/2025	Tuesday	1	deletion	boy		synonym	Woman	lady					deletion	short	lady	lad																																	lad	Kegler
328	328	Refined oil's storage site	TRUE	FALSE	TRUE	10/13/2025	Monday	1	anagram	storage site		anagram	Refined	oil's	silo																																								silo	Kegler
278	278	One excellent soldier’s protection	TRUE	FALSE	TRUE	10/12/2025	Sunday	3	charade	protection		synonym	One	a					symbol	excellent	e					synonym	soldier's	gis				The nickname for a soldier, GI (as in GI Joe), is thought to have originated from "galvanized iron" goods produced by the military, marked GI; it was later interpreted to stand for "Government Issue," which WWII-era soldiers adopted as a joking reference to themselves																							aegis	Kegler
277	277	Muscle’s instant afterthought	TRUE	FALSE	TRUE	10/11/2025	Saturday	3	charade	Muscle		synonym	instant	trice					synonym	afterthought	ps																																		triceps	Kegler
285	285	After first of December, loses desires	TRUE	FALSE	TRUE	10/10/2025	Friday	3	deletion	desires		synonym	loses	ditches					deletion	After first of December	ditches	itches			"First of December" is the letter "D"																														itches	Kegler
276	276	Sporting type happier to bear the cost	TRUE	FALSE	TRUE	10/9/2025	Thursday	4	anagram	to bear the cost		anagram	Sporting	type happier	pay the piper			"Sporting" in the sense of "to frolic, romp," as the letters an anagram																																					pay the piper	Kegler
286	286	In the style of nation’s primary economist Greenspan	TRUE	FALSE	TRUE	10/8/2025	Wednesday	2	charade	economist Greenspan		symbol	In the style of	ala				"à la," in French	particle	nation's primary	n																																		Alan	Kegler
288	288	One who helps undressing maiden	TRUE	FALSE	TRUE	10/7/2025	Tuesday	2	deletion	One who helps		particle	undressing maiden	aide				Here, "undressing" means removing the first and last letters																																					aide	Kegler
289	289	Brand new candy	TRUE	FALSE	TRUE	10/6/2025	Monday	2	double definition	Brand new	candy																																												mint	Kegler
282	282	Many implore hero to change dynasty	TRUE	FALSE	TRUE	10/5/2025	Sunday	4	anagram	dynasty		anagram	to change	Many implore hero	holy roman empire																																								Holy Roman Empire	Kegler
287	287	Stews, juggling a huge loss	TRUE	FALSE	TRUE	10/4/2025	Saturday	4	anagram	Stews		anagram	juggling	a huge loss	goulashes																																								goulashes	Kegler
290	290	Laughs about famous model’s headwear	TRUE	FALSE	TRUE	10/3/2025	Friday	3	container	headwear		synonym	Laughs	has				As in "ha-ha"	synonym	famous model	t				Referring here to the Ford Model T	container	about	ha	t	s																									hats	Kegler
279	279	Two generals keep operating percussion instrument	TRUE	FALSE	TRUE	10/2/2025	Thursday	3	container	percussion instrument		particle	Two generals	gg					synonym	operating	on				As in "Jenny is on the sound board"	container	keep	g	on	g																									gong	Kegler
280	280	Initially ravenous, our group prepared a potato	TRUE	FALSE	TRUE	10/1/2025	Wednesday	3	charade	a potato		particle	Initially ravenous	r					synonym	our group	us					synonym	prepared	set																											russet	Kegler
275	275	Try to stop sister going mad	TRUE	FALSE	TRUE	9/30/2025	Tuesday	2	anagram	Try to stop		anagram	going mad	sister	resist																																								resist	Kegler
283	283	Famous librarian read aloud; do we?	TRUE	FALSE	TRUE	9/29/2025	Monday	2	homophone	Famous librarian		direct	do we						homophone	read aloud	do we	Dewey																																	Dewey	Kegler
284	284	"William Tell” composer wrong to interrupt Rosie, for the most part	TRUE	FALSE	TRUE	9/28/2025	Sunday	4	container, deletion	"William Tell" composer		synonym	wrong	sin					synonym	Rosie, for the most part	rosi					container	to interrupt	ros	sin	i																									Rossini	Kegler
270	270	City in India put up with housing a Navy girl	TRUE	FALSE	TRUE	9/27/2025	Saturday	4	charade, container	City in India		synonym	put up with	bore					direct	a						symbol	Navy	n					synonym	girl	gal					container	housing	b	a	n	gal	ore									Bangalore	Kegler
274	274	Go on stage with basketball player after first of cues	TRUE	FALSE	TRUE	9/26/2025	Friday	3	deletion	Go on stage		synonym	basketball player	center					deletion	after first of cues	center	enter			"first of cues" here can be "c"																														enter	Kegler
281	281	Restaurant employees see straw is bent	TRUE	FALSE	TRUE	9/25/2025	Thursday	2	anagram	Restaurant employees		anagram	bent	see straw is	waitresses																																								waitresses	Kegler
273	273	A sneer upset tennis player Williams	TRUE	FALSE	TRUE	9/24/2025	Wednesday	1	anagram	tennis player Williams		anagram	upset	A sneer	serenA																																								Serena	Kegler
271	271	Feel sorry for imprisoning youngsters, essentially, in messy place	TRUE	FALSE	TRUE	9/23/2025	Tuesday	3	container	messy place		synonym	Feel sorry for	pity					particle	youngsters, essentially	gs				The middle two letters ("essentially") of "youngsters" are "gs"	container	imprisoning	pi	gs	ty																									pigsty	Kegler
269	269	Former President in fog, reportedly	TRUE	FALSE	TRUE	9/22/2025	Monday	2	homophone	Former president		synonym	fog	haze					homophone	reportedly	haze	Hayes																																	Hayes	Kegler
268	268	We had returned at last, very wet	TRUE	FALSE	TRUE	9/21/2025	Sunday	3	charade, reversal	wet		synonym	We had	wed				There's an implicit apostrophe—"we'd"	reversal	returned	wed	dew				particle	at last, very	y																											dewy	Kegler
267	267	Copies of drawings Mr. Eliot keeps tearing	TRUE	FALSE	TRUE	9/20/2025	Saturday	4	container	Copies of drawings		synonym	Mr. Eliot	TS					synonym	tearing	racing					container	keeps	t	racing	s																									tracings	Kegler
266	266	Discussed lazy media darling	TRUE	FALSE	TRUE	9/19/2025	Friday	2	homophone	media darling		synonym	lazy	idle					homophone	discussed	idle	idol																																	idol	Kegler
265	265	Rocky Lee picks long musical instrument	TRUE	FALSE	TRUE	9/18/2025	Thursday	4	anagram	musical instrument		anagram	Rocky	Lee picks long	gLockenspiel																																								glockenspiel	Kegler
264	264	Blazing row that masks progress	TRUE	FALSE	TRUE	9/17/2025	Wednesday	2	hidden word	progress		hidden word	masks	Blazing row that	growth																																								growth	Kegler
263	263	A group of five or ten mingling in apartment	TRUE	FALSE	TRUE	9/16/2025	Tuesday	4	anagram, container	A group of five		anagram	mingling	ten	ent				synonym	apartment	pad					container	in	p	ent	ad																									pentad	Kegler
262	262	Eartha's half-finished serving of corn	TRUE	FALSE	TRUE	9/15/2025	Monday	2	deletion	serving of corn		direct	Eartha						deletion	half-finished	Eartha	ear																																	ear	Kegler
261	261	Ramses' pyramid covers spot	TRUE	FALSE	TRUE	9/14/2025	Sunday	2	hidden word	spot		hidden word	covers	Ramses' pyramid	espy																																								espy	Kegler
260	260	Distributed leis in Hawaii, e.g.	TRUE	FALSE	TRUE	9/13/2025	Saturday	1	anagram	Hawaii, e.g.		anagram	Distributed	leis	isle																																								isle	Kegler
259	259	Endlessly hot nurse is a member of the brass	TRUE	FALSE	TRUE	9/12/2025	Friday	2	charade	a member of the brass		particle	Endlessly hot	ho					symbol	nurse	RN																																		horn	Kegler
258	258	Flying roc, a mythical monster	TRUE	FALSE	TRUE	9/11/2025	Thursday	3	anagram	a mythical monster		anagram	flying	roc	orc																																								orc	Kegler
257	257	Why do Rocky's colloquial greeting?	TRUE	FALSE	TRUE	9/10/2025	Wednesday	2	anagram	colloquial greeting		anagram	Rocky	Why do	hoWdy																																								howdy	Kegler
256	256	Mongoose is nothing more than jazz musician, reportedly	TRUE	FALSE	TRUE	9/9/2025	Tuesday	3	homophone	Mongoose		synonym	nothing more than	mere					synonym	jazz musician	cat					homophone	reportedly	mere cat	meerkat			The meerkat is a small mongoose																							meerkat	Kegler
255	255	Thumbs a ride smuggling dress	TRUE	FALSE	TRUE	9/8/2025	Monday	2	hidden word	dress		hidden word	smuggling	Thumbs a ride	sari																																								sari	Kegler
254	254	Guard's remodeled portal	TRUE	FALSE	TRUE	9/7/2025	Sunday	3	anagram	Guard		anagram	remodeled	portal	patrol																																								patrol	Kegler
253	253	I start to read back over telegram that cannot be changed	TRUE	FALSE	TRUE	9/6/2025	Saturday	3	charade, reversal	cannot be changed		direct	I						particle	start to read	r					direct	over						reversal	back	over	revo				synonym	telegram	cable													irrevocable	Kegler
252	252	Change the decor, red and orange	TRUE	FALSE	TRUE	9/5/2025	Friday	2	charade	Change the decor		direct	red						symbol	orange	o																																		redo	Kegler
251	251	Instruments for storytellers, we hear	TRUE	FALSE	TRUE	9/4/2025	Thursday	2	homophone	Instruments		synonym	storytellers	liars					homophone	we hear	liars	lyres																																	lyres	Kegler
250	250	Does keeping time inhibit?	TRUE	FALSE	TRUE	9/3/2025	Wednesday	3	container	inhibit		synonym	Does	deer					symbol	time	T					container	keeping	de	t	er																									deter	Kegler
249	249	Primarily resent the man holding back my chance to dance, perhaps	TRUE	FALSE	TRUE	9/2/2025	Tuesday	3	charade, container, reversal	chance to dance, perhaps		particle	Primarily resent	r					synonym	the man	he					direct	my						reversal	back	my	ym				container	holding	r	h	ym	e		Here, "chance to dance" is not about having an opportunity to cut a rug; the two words rhyme								rhyme	Kegler
248	248	Note my enthralling arrival and join up again	TRUE	FALSE	TRUE	9/1/2025	Monday	3	charade, container	join up again		synonym	Note	re				RE is the note D in the major scale	direct	my						symbol	arrival	arr					container	enthralling	re	m	arr	y																	remarry	Kegler
247	247	A way to capture girl with ring	TRUE	FALSE	TRUE	8/31/2025	Sunday	2	charade	A way to capture		synonym	girl	lass					symbol	ring	o																																		lasso	Kegler
246	246	Confused prior OKs a bad bet	TRUE	FALSE	TRUE	8/30/2025	Saturday	4	anagram	bad bet		anagram	Confused	prior OKs	pOor risK																																								poor risk	Kegler
245	245	Crooked stripe is less green than all the others	TRUE	FALSE	TRUE	8/29/2025	Friday	2	anagram	is less green than all the others		anagram	Crooked	stripe	ripest																																								ripest	Kegler
244	244	Terribly sad commercials	TRUE	FALSE	TRUE	8/28/2025	Thursday	1	anagram	commercials		anagram	Terribly	sad	ads																																								ads	Kegler
243	243	Travel on horseback, circling face of granite mountain crest	TRUE	FALSE	TRUE	8/27/2025	Wednesday	2	container	mountain crest		synonym	Travel on horseback	ride					particle	face of granite	g					container	circling	rid	g	e																									ridge	Kegler
242	242	Compose new septet around symphony's finale	TRUE	FALSE	TRUE	8/26/2025	Tuesday	4	anagram, container	Compose		anagram	new	septet	tpeset				particle	symphony's finale	y					container	around	t	y	peset																									typeset	Kegler
241	241	Incredible feast for three goddesses	TRUE	FALSE	TRUE	8/25/2025	Monday	2	anagram	three goddesses		anagram	Incredible	feast	fates																																								fates	Kegler
240	240	Wandering stray lecher	TRUE	FALSE	TRUE	8/24/2025	Sunday	3	anagram	lecher		anagram	Wandering	stray	satyr			The satyr, in Greek mythology, was a lecherous figure																																					satyr	Kegler
239	239	Lies about tropical getaway, perhaps	TRUE	FALSE	TRUE	8/23/2025	Saturday	2	anagram	tropical getaway, perhaps		anagram	about	Lies	isLe																																								isle	Kegler
238	238	Jokes about Navy work crews	TRUE	FALSE	TRUE	8/22/2025	Friday	2	container	work crews		synonym	Jokes	gags					symbol	Navy	N					container	about	ga	N	gs																									gangs	Kegler
237	237	Cover one entering outskirts of Leningrad	TRUE	FALSE	TRUE	8/21/2025	Thursday	2	container	Cover		symbol	one	I					particle	outskirts of Leningrad	Ld					container	entering	L	I	d																									lid	Kegler
236	236	Doctor provided temperature deviation	TRUE	FALSE	TRUE	8/20/2025	Wednesday	3	charade	deviation		symbol	Doctor	dr					synonym	provided	if					symbol	temperature	t																											drift	Kegler
235	235	Fade out, giving no heed	TRUE	FALSE	TRUE	8/19/2025	Tuesday	2	anagram	giving no heed		anagram	out	Fade	deaF																																								deaf	Kegler
234	234	Set off at eight, initially, for property	TRUE	FALSE	TRUE	8/18/2025	Monday	2	anagram, charade	property		anagram	off	Set	est				direct	at						particle	eight, initially	e																											estate	Kegler
233	233	Black and gray protective covering	TRUE	FALSE	TRUE	8/17/2025	Sunday	3	charade	protective covering		symbol	Black	b					direct	and	and					synonym	gray	age																											bandage	Kegler
232	232	Expensive ruby initially misplaced by actress Meryl	TRUE	FALSE	TRUE	8/16/2025	Saturday	2	deletion	Expensive		synonym	actress Meryl	Streep					particle	ruby initially	r					deletion	misplaced	Streep	st	eep																									steep	Kegler
231	231	Wrath of Israel evens out	TRUE	FALSE	TRUE	8/15/2025	Friday	2	deletion	Wrath		direct	Israel						delete even	evens out	Israel	ire																																	ire	Kegler
230	230	Avert wary Aunt Dotty	TRUE	FALSE	TRUE	8/14/2025	Thursday	4	anagram	Avert		anagram	Dotty	wary Aunt	turn Away																																								turn away	Kegler
229	229	Carol's wrong, ultimately wrong	TRUE	FALSE	TRUE	8/13/2025	Wednesday	3	charade	Carol		synonym	wrong	sin					particle	ultimately wrong	g																																		sing	Kegler
228	228	Win, capturing opposition's last man	TRUE	FALSE	TRUE	8/12/2025	Tuesday	3	container	man		synonym	Win	get					particle	opposition's last	n					container	capturing	ge	n	t																									gent	Kegler
227	227	Northwestern state's hospital area	TRUE	FALSE	TRUE	8/11/2025	Monday	1	double definition	Northwestern state	hospital area																																												OR	Kegler
226	226	Corners reporter finally among athletic supporters?	TRUE	FALSE	TRUE	8/10/2025	Sunday	3	container	Corners		particle	reporter finally	r					synonym	athletic supporters	tees					container	among	t	r	ees		"Tree" meaning "corner" is a reference to the practice of hunting tree-climbing animals with hounds																							trees	Kegler
225	225	For example, Pat's backing star, perhaps	TRUE	FALSE	TRUE	8/9/2025	Saturday	4	charade, reversal	star, perhaps		symbol	For example	eg					synonym	Pat	dab					reversal	backing	egdab	badge			Many badges (e.g., police) are in the shape of a star																							badge	Kegler
224	224	A drunk settled	TRUE	FALSE	TRUE	8/8/2025	Friday	2	charade	settled		direct	A	a					synonym	drunk	lit																																		alit	Kegler
223	223	Crazy son employs one cleaning crew	TRUE	FALSE	TRUE	8/7/2025	Thursday	3	charade, container	cleaning crew		synonym	Crazy	mad					symbol	son	S					symbol	one	i					container	employs	ma	i	d	S																	maids	Kegler
222	222	Gram meets uncle inside with specialized clothing for fighter pilots	TRUE	FALSE	TRUE	8/6/2025	Wednesday	3	charade, container	specialized clothing for fighter pilots		symbol	Gram	g					synonym	meets	sits				As in, the legislature sits (meets)	symbol	uncle	u					container	inside	g	s	u	its	A G-suit is worn by fighter pilots to counteract extreme forces																G suits	Kegler
221	221	Took advantage of "Us" editor	TRUE	FALSE	TRUE	8/5/2025	Tuesday	2	charade	Took advantage of		direct	"Us"						symbol	editor	ed																																		used	Kegler
220	220	Fix movie's introduction and finale	TRUE	FALSE	TRUE	8/4/2025	Monday	2	charade	Fix		particle	movie's introduction	m					synonym	finale	end																																		mend	Kegler
219	219	Pictures taken by St. Leo endlessly surprise	TRUE	FALSE	TRUE	8/3/2025	Sunday	3	container, deletion	surprise		synonym	Pictures	art					particle	St. Leo endlessly	StLe					container	taken by	St	art	Le																									startle	Kegler
218	218	That woman's a goddess	TRUE	FALSE	TRUE	8/2/2025	Saturday	1	charade	goddess		synonym	That woman	her					direct	a	a																																		Hera	Kegler
217	217	Republican rejecting one city in Nevada	TRUE	FALSE	TRUE	8/1/2025	Friday	1	charade, reversal	city in Nevada		symbol	Republican	R					direct	one						reversal	rejecting	one	eno																										Reno	Kegler
216	216	Reportedly detect small change	TRUE	FALSE	TRUE	7/31/2025	Thursday	2	homophone	small change		synonym	detect	sense					homophone	Reportedly	sense	cents																																	cents	Kegler
215	215	Designated hitter gets one single, a good-looking one	TRUE	FALSE	TRUE	7/30/2025	Wednesday	2	charade, container	a good-looking one		symbol	Designated hitter	DH					symbol	one	I					symbol	single	s					container	gets	D	I	S	H	In 1950s slang, an alluring young woman could be called a "dish"																dish	Kegler
214	214	Barrel maker tosses piece of pie for dove sometimes	TRUE	FALSE	TRUE	7/29/2025	Tuesday	3	deletion	dove sometimes		synonym	Barrel maker	cooper					particle	piece of pie	p					deletion	tosses	cooper	coo	er																									cooer	Kegler
213	213	Islamic ruler eventually gave wheel mount back	TRUE	FALSE	TRUE	7/28/2025	Monday	3	charade, reversal	Islamic ruler		particle	eventually gave	e				"Eventually" clues the last letter in "gave," which is "e"	synonym	wheel mount	rim					reversal	back	rim	mir																										emir	Kegler
212	212	Genetically limits variation with trendy second-rate instruments	TRUE	FALSE	TRUE	7/27/2025	Sunday	3	charade	Genetically limits variation		synonym	trendy	in					synonym	second-rate	b					synonym	instruments	reeds																											inbreeds	Kegler
211	211	Certain tide seen in Minneapolis	TRUE	FALSE	TRUE	7/26/2025	Saturday	2	hidden word	Certain tide		hidden word	seen in	Minneapolis	neap																																								neap	Kegler
210	210	New era: love of aircraft	TRUE	FALSE	TRUE	7/25/2025	Friday	3	anagram, charade	of aircraft		anagram	New	era	aer				symbol	love	o				AERO is an adjective meaning "of or relating to aircraft or aeronautics," whereas "love" can be represented by "o" as it means "zero" in tennis																														aero	Kegler
209	209	Large number unhappy about greeting PLO	TRUE	FALSE	TRUE	7/24/2025	Thursday	3	charade, container	Large number		synonym	unhappy	sad					synonym	greeting	hi					direct	PLO						container	about	s	hi	PLO	ad																	shipload	Kegler
208	208	Rude person runs, after scary yell	TRUE	FALSE	TRUE	7/23/2025	Wednesday	2	charade	Rude person		synonym	scary yell	boo					symbol	runs	r																																		boor	Kegler
207	207	Brace for broken-down horse	TRUE	FALSE	TRUE	7/22/2025	Tuesday	3	anagram	Brace		anagram	broken-down	horse	shore			"Shore" can be defined as "to give support to : BRACE, often used with up"																																					shore	Kegler
206	206	Easy job is sure nice, Dotty	TRUE	FALSE	TRUE	7/21/2025	Monday	3	anagram	Easy job		anagram	Dotty	sure nice	sinecure																																								sinecure	Kegler
205	205	Snarling lips creating speech problem	TRUE	FALSE	TRUE	7/20/2025	Sunday	1	anagram	speech problem		anagram	Snarling	lips	lisp																																								lisp	Kegler
204	204	Merriam-Webster describes a California bird	TRUE	FALSE	TRUE	7/19/2025	Saturday	2	charade, container	bird		symbol	Merriam-Webster	MW					direct	a	a					symbol	California	CA					container	describes	M	a	CA	W																	macaw	Kegler
203	203	Article by that group in "Country Music"?	TRUE	FALSE	TRUE	7/18/2025	Friday	3	charade	"Country Music"?		synonym	Article	an					synonym	that group	them				"Country Music" is a clever trick, as a national anthem is a type of "country music"																														anthem	Kegler
202	202	"Cosmo" sisterhood features learning without trying?	TRUE	FALSE	TRUE	7/17/2025	Thursday	2	hidden word	learning without trying?		hidden word	features	"Cosmo" sisterhood	osmosis																																								osmosis	Kegler
201	201	Mecca traveler fooled Jim, for the most part	TRUE	FALSE	TRUE	7/16/2025	Wednesday	3	charade, deletion	Mecca traveler		synonym	fooled	had					particle	Jim, for the most part	Ji																																		hadji	Kegler
200	200	Caramel kept melting in bazaar	TRUE	FALSE	TRUE	7/15/2025	Tuesday	4	anagram	bazaar		anagram	melting	Caramel kept	marketplaCe																																								marketplace	Kegler
199	199	Son cut top of chestnut tree for extra money	TRUE	FALSE	TRUE	7/14/2025	Monday	4	charade	extra money		symbol	Son	s					synonym	cut	pare					particle	top of chestnut	c					synonym	tree	ash																				spare cash	Kegler
198	198	Former English Conservative's suit	TRUE	FALSE	TRUE	7/13/2025	Sunday	2	charade	suit		synonym	Former	ex					symbol	English	E					symbol	Conservative	c																											exec	Kegler
197	197	Impala, perhaps, runs after Chip	TRUE	FALSE	TRUE	7/12/2025	Saturday	3	charade	Impala, perhaps		synonym	Chip	ante					synonym	runs	lopes																																		antelopes	Kegler
196	196	Yeomen react badly to Japanese rite	TRUE	FALSE	TRUE	7/11/2025	Friday	4	anagram	Japanese rite		anagram	badly	Yeomen react	tea ceremonY																																								tea ceremony	Kegler
195	195	Shattering broadcast put things right	TRUE	FALSE	TRUE	7/10/2025	Thursday	4	anagram	put things right		anagram	broadcast	Shattering	straighten																																								straighten	Kegler
194	194	Watches for favorable votes, we hear	TRUE	FALSE	TRUE	7/9/2025	Wednesday	2	homophone	Watches		synonym	favorable votes	ayes					homophone	we hear	ayes	eyes																																	eyes	Kegler
191	191	Relative cooked tuna	TRUE	FALSE	TRUE	7/8/2025	Tuesday	1	anagram	Relative		anagram	cooked	tuna	aunt																																								aunt	Kegler
190	190	Beg in low church	TRUE	FALSE	TRUE	7/7/2025	Monday	2	charade	Beg		synonym	low	moo				Crossword solvers know that "low" can mean "of cattle : to make the usually deep sustained sound characteristic of cows and other bovine animals : MOO"	symbol	church	ch																																		mooch	Kegler
187	187	Erica's stirring words of sympathy	TRUE	FALSE	TRUE	7/6/2025	Sunday	3	anagram	words of sympathy		anagram	stirring	Erica 	icarE																																								I care	Kegler
186	186	Monthly payment is torn	TRUE	FALSE	TRUE	7/5/2025	Saturday	2	double definition	Monthly payment	torn																																												rent	Kegler
185	185	Notably, Omar Khayyam met Ken, Art, Dotty	TRUE	FALSE	TRUE	7/4/2025	Friday	4	anagram	Notably, Omar Khayyam		anagram	Dotty	met Ken, Art	tentmAKer																																								tentmaker	Kegler
184	184	Spanish adult resort	TRUE	FALSE	TRUE	7/3/2025	Thursday	1	charade	resort		symbol	Spanish	sp					symbol	adult	a																																		spa	Kegler
183	183	Brings home fisherman's equipment	TRUE	FALSE	TRUE	7/2/2025	Wednesday	2	double definition	Brings home	fisherman's equipment																																												nets	Kegler
182	182	Certain servers stop, interrupting trades	TRUE	FALSE	TRUE	7/1/2025	Tuesday	3	container	Certain servers		synonym	stop	end					synonym	trades	barters					container	interrupting	bart	end	ers																									bartenders	Kegler
180	180	Storyteller's train heading back	TRUE	FALSE	TRUE	6/30/2025	Monday	1	reversal	Storyteller		synonym	train	rail					reversal	heading back	rail	liar																																	liar	Kegler
179	179	We hear four couples had dinner	TRUE	FALSE	TRUE	6/29/2025	Sunday	2	homophone	had dinner		synonym	four couples	eight					homophone	We hear	eight	ate																																	ate	Kegler
178	178	Settlement reportedly stuffed in a suitcase	TRUE	FALSE	TRUE	6/28/2025	Saturday	2	homophone	Settlement		synonym	stuffed in a suitcase	packed					homophone	reportedly	packed	pact																																	pact	Kegler
177	177	Religious sect member, repulsed, beats a retreat inside	TRUE	FALSE	TRUE	6/27/2025	Friday	4	hidden word, reversal	Religious sect member		hidden word	inside	beats a retreat	atsar				reversal	repulsed	atsar	rasta																																	Rasta	Kegler
175	175	UPS Store stocks attention-getter	TRUE	FALSE	TRUE	6/26/2025	Thursday	2	hidden word	attention-getter		hidden word	stocks	UPS Store	psst																																								psst	Kegler
173	173	Messes up chores and departs	TRUE	FALSE	TRUE	6/25/2025	Wednesday	2	deletion	Messes up		synonym	chores	errands					deletion	and departs	errands	err	s		Remove the word "and" from errands																														errs	Kegler
171	171	Identify leader of employees' and staff's revolt	TRUE	FALSE	TRUE	6/24/2025	Tuesday	3	charade, reversal	Identify		particle	leader of employees'	e					synonym	staff	man					reversal	revolt	eman	name																										name	Kegler
170	170	Female friend left in commotion	TRUE	FALSE	TRUE	6/23/2025	Monday	3	charade, reversal	commotion		symbol	Female	F					synonym	friend	pal					reversal	left	pal	lap																										flap	Kegler
168	168	Prepared a salad dish, originally, then flipped over endless dessert	TRUE	FALSE	TRUE	6/22/2025	Sunday	2	charade, deletion, reversal	Prepared a salad		particle	dish, originally	d					particle	endless dessert	desser					reversal	flipped over	desser	ressed																										dressed	Kegler
167	167	Like a no-good member of royalty	TRUE	FALSE	TRUE	6/21/2025	Saturday	3	charade, deletion	Like		direct	a						synonym	member of royalty	king					deletion	no-good	king	kin			Good can be "g", and it is deleted from king.																							akin	Kegler
166	166	Mean and unhappy, I stick almost to the end	TRUE	FALSE	TRUE	6/20/2025	Friday	3	charade, deletion	Mean		synonym	unhappy	sad					direct	I						particle	stick almost to the end	stic																											sadistic	Kegler
165	165	When interrupted, start to talk in Polish	TRUE	FALSE	TRUE	6/19/2025	Thursday	3	charade, deletion	Polish		particle	When interrupted	whe					particle	start to talk	t																																		whet	Kegler
161	161	Ran with brio, initially, and was in front	TRUE	FALSE	TRUE	6/18/2025	Wednesday	2	charade	Ran		particle	brio, initially	b					synonym	was in front	led																																		bled	Kegler
159	159	Loud noise of red propeller	TRUE	FALSE	TRUE	6/17/2025	Tuesday	2	charade	Loud noise		symbol	red	r					synonym	propeller	oar																																		roar	Kegler
157	157	Sculpted swan shaped with a blade	TRUE	FALSE	TRUE	6/16/2025	Monday	2	anagram	shaped with a blade		anagram	Sculpted	swan	sawn																																								sawn	Kegler
155	155	Uptight teens milling around	TRUE	FALSE	TRUE	6/15/2025	Sunday	1	anagram	Uptight		anagram	milling around	teens	tense																																								tense	Kegler
154	154	Makes real cut as Eliza's treated	TRUE	FALSE	TRUE	6/14/2025	Saturday	4	anagram	Makes real		anagram	treated	cut as Eliza	actualizEs																																								actualizes	Kegler
153	153	Stood up awkwardly, sore	TRUE	FALSE	TRUE	6/13/2025	Friday	1	anagram	Stood up		anagram	awkwardly	sore	rose																																								rose	Kegler
150	150	GOP argues inanely for generations	TRUE	FALSE	TRUE	6/12/2025	Thursday	3	anagram	generations		anagram	inanely	GOP argues	age GrOuPs																																								age groups	Kegler
149	149	Horrific fad lured Rocky	TRUE	FALSE	TRUE	6/11/2025	Wednesday	3	anagram	Horrific		anagram	Rocky	fad lured	dreadful																																								dreadful	Kegler
148	148	Carry on a cup holding a spot of tea	TRUE	FALSE	TRUE	6/10/2025	Tuesday	3	container	Carry on		direct	a cup						particle	spot of tea	t					container	holding	a c	t	up																									act up	Kegler
147	147	References describing one of Indonesia's metropolitan areas	TRUE	FALSE	TRUE	6/9/2025	Monday	2	container	metropolitan areas		particle	one of Indonesia	I					synonym	References	cites					container	describing	cit	I	es																									cities	Kegler
146	146	For each ingénue ultimately smothered by hype	TRUE	FALSE	TRUE	6/8/2025	Sunday	2	container	For each		particle	ingénue ultimately	e					synonym	hype	PR					container	smothered by	P	e	R																									per	Kegler
145	145	Men taking interest in races	TRUE	FALSE	TRUE	6/7/2025	Saturday	3	container	races		synonym	Men	hes					symbol	interest	I					container	taking	h	I	es																									hies	Kegler
143	143	Ordered document receives half-credit	TRUE	FALSE	TRUE	6/6/2025	Friday	3	container	Ordered		synonym	document	deed					particle	half-credit	cre					container	receives	de	cre	ed																									decreed	Kegler
142	142	Aide's new concept	TRUE	FALSE	TRUE	6/5/2025	Thursday	1	anagram	concept		anagram	new	Aide	ideA																																								idea	Kegler
141	141	Ring pursuing spy group's informal greeting	TRUE	FALSE	TRUE	6/4/2025	Wednesday	2	charade	informal greeting		synonym	spy group	CIA					symbol	Ring	o																																		ciao	Kegler
139	139	Expert's unsatisfactory toupee rejected	TRUE	FALSE	TRUE	6/3/2025	Tuesday	2	charade, reversal	Expert		symbol	unsatisfactory	u					synonym	toupee	rug					reversal	rejected	urug	guru																										guru	Kegler
136	136	Topless Cleo narrated abridged story, ignoring radical Russian novelist	TRUE	FALSE	TRUE	6/2/2025	Monday	4	charade, deletion	Russian novelist		particle	Topless Cleo	leo					synonym	narrated	told					deletion	abridged	told	tol				direct	story						deletion	ignoring radical	story	sto	y			radical can be "r"								Leo Tolstoy	Kegler
135	135	A song describing a couple of quirky fish tanks	TRUE	FALSE	TRUE	6/1/2025	Sunday	2	container	fish tanks		synonym	A song	aria					direct	a						particle	couple of quirky	qu					container	describing	a	qu	a	ria																	aquaria	Kegler
133	133	Witty comment from detective interrupting Marge's comeback	TRUE	FALSE	TRUE	5/31/2025	Saturday	4	container, reversal	Witty comment		synonym	detective	PI					direct	Marge						reversal	comeback	Marge	egraM				container	interrupting	e	PI	graM																		epigram	Kegler
132	132	Jump with energy and desire	TRUE	FALSE	TRUE	5/30/2025	Friday	2	charade	desire		synonym	Jump	hop					symbol	energy	e																																		hope	Kegler
130	130	One peer sheathes sword	TRUE	FALSE	TRUE	5/29/2025	Thursday	2	hidden word	sword		hidden word	sheathes	One peer	epee																																								epee	Kegler
128	128	Land surrounded by water is rented	TRUE	FALSE	TRUE	5/28/2025	Wednesday	2	charade	Land surrounded by water		direct	is	is					synonym	rented	let																																		islet	Kegler
127	127	Stirred frying pan eagerly at first	TRUE	FALSE	TRUE	5/27/2025	Tuesday	2	charade	Stirred		synonym	frying pan	wok					particle	eagerly at first	e																																		woke	Kegler
123	123	Certain picture-takers came across a bur, surprisingly	TRUE	FALSE	TRUE	5/26/2025	Monday	4	anagram	Certain picture-takers		anagram	surprisingly	came across a bur	camera obscuras																																								camera obscuras	Kegler
121	121	Trees initially cut short	TRUE	FALSE	TRUE	5/25/2025	Sunday	3	deletion	Trees		synonym	initially	first					deletion	cut short	first	firs																																	firs	Kegler
120	120	Spanish artist is returning finally to edgy place?	TRUE	FALSE	TRUE	5/24/2025	Saturday	3	charade, reversal	Spanish artist		particle	finally to	o					synonym	edgy place	rim					reversal	returning	orim	miro																										Miro	Kegler
119	119	Make the grade in Utah, sporting trio of citations	TRUE	FALSE	TRUE	5/23/2025	Friday	3	container	Make the grade		symbol	Utah	UT					particle	trio of citations	cit					container	sporting	c	UT	it																									cut it	Kegler
118	118	Sajak wearing a thin coat	TRUE	FALSE	TRUE	5/22/2025	Thursday	2	charade	thin coat		synonym	Sajak	Pat					synonym	wearing	in					direct	a	a																											patina	Kegler
117	117	Venerated ones go down south	TRUE	FALSE	TRUE	5/21/2025	Wednesday	2	charade	Venerated ones		direct	go	go					symbol	down	d					symbol	south	s																											gods	Kegler
116	116	Rehash sourest expulsions	TRUE	FALSE	TRUE	5/20/2025	Tuesday	2	anagram	expulsions		anagram	Rehash	sourest	ousters																																								ousters	Kegler
115	115	Six score, essentially	TRUE	FALSE	TRUE	5/19/2025	Monday	3	charade	essentially		symbol	Six	vi					synonym	score	tally																																		vitally	Kegler
114	114	Endeavor to read novel	TRUE	FALSE	TRUE	5/18/2025	Sunday	2	anagram	Endeavor		anagram	novel	read	dare																																								dare	Kegler
113	113	Pass up Peter, taking issue ultimately with one pulling the strings	TRUE	FALSE	TRUE	5/17/2025	Saturday	3	charade, container	one pulling the strings		symbol	Pass	P					direct	up Peter						particle	issue ultimately	e					container	taking	P	up pet	e	er																	puppeteer	Kegler
110	110	Top of gym circled by chopper	TRUE	FALSE	TRUE	5/16/2025	Friday	3	container	Top		synonym	gym	PE					synonym	chopper	ax					container	circled by	a	PE	x																									apex	Kegler
109	109	Thompson cut Rocky's facial hair	TRUE	FALSE	TRUE	5/15/2025	Thursday	4	anagram	facial hair		anagram	Rocky	Thompson cut	muTtonchops																																								muttonchops	Kegler
103	103	Described haughty streak	TRUE	FALSE	TRUE	5/14/2025	Wednesday	3	homophone	streak		synonym	haughty	vain					homophone	Described	vain	vein																																	vein	Kegler
98	98	Experience shifting ground around start of earthquake	TRUE	FALSE	TRUE	5/13/2025	Tuesday	4	anagram, container	Experience		anagram	shifting	ground	undrgo				particle	start of earthquake	e					container	around	und	e	rgo																									undergo	Kegler
96	96	Speak with difficulty about Republican braggart	TRUE	FALSE	TRUE	5/12/2025	Monday	3	container	braggart		synonym	Speak with difficulty	stutter					symbol	Republican	R					container	about	st	R	utter																									strutter	Kegler
93	93	Unfavorable criticism about wife, a potential queen?	TRUE	FALSE	TRUE	5/11/2025	Sunday	2	container	a potential queen		synonym	Unfavorable criticism	pan					symbol	wife	W					container	about	pa	W	n																									pawn	Kegler
92	92	Tabloid recalled NY baseball team receiving new attire	TRUE	FALSE	TRUE	5/10/2025	Saturday	4	charade, reversal, container	attire		synonym	Tabloid	rag					reversal	recalled	rag	gar				synonym	NY baseball team	Mets					symbol	new	N					container	receiving	gar	Me	N	ts										garments	Kegler
90	90	Multitudes of African predators consuming half of eggs	TRUE	FALSE	TRUE	5/9/2025	Friday	2	container, deletion	Multitudes		synonym	African predators	lions					particle	half of eggs	eg					container	consuming	l	eg	ions																									legions	Kegler
89	89	Father and staff upset former airline	TRUE	FALSE	TRUE	5/8/2025	Thursday	3	charade, reversal	former airline		synonym	Father	pa					synonym	staff	man					reversal	upset	man	nam																										Pan Am	Kegler
88	88	On the way back, spots unsatisfactory stamp found on some meat	TRUE	FALSE	TRUE	5/7/2025	Wednesday	3	charade, reversal	stamp found on some meat		synonym	spots	ads					symbol	unsatisfactory	u					reversal	On the way back	adsu	usda																										USDA	Kegler
87	87	Element of exotic isle menu	TRUE	FALSE	TRUE	5/6/2025	Tuesday	3	anagram	Element		anagram	exotic	isle menu	selenium																																								selenium	Kegler
80	80	Margaret and Susan nearly backing a horse that really took off?	TRUE	FALSE	TRUE	5/5/2025	Monday	4	charade, deletion, reversal	a horse that really took off		synonym	Margaret	Peg					particle	Susan nearly	Susa					reversal	backing	Susa	asuS																										pegasus	Kegler
79	79	Believes in supporting device holding ton	TRUE	FALSE	TRUE	5/4/2025	Sunday	3	container	Believes in		synonym	supporting device	truss					symbol	ton	t					container	holding	trus	t	s																									trusts	Kegler
78	78	One hands out cards with goals	TRUE	FALSE	TRUE	5/3/2025	Saturday	2	charade	goals		symbol	One	I					synonym	hands out cards	deals																																		ideals	Kegler
76	76	Unfluctuating feature of muzzle velocity	TRUE	FALSE	TRUE	5/2/2025	Friday	2	hidden word	Unfluctuating		hidden word	feature of	muzzle velocity	level																																								level	Kegler
75	75	That girl's beginning to bother Ginger, among others	TRUE	FALSE	TRUE	5/1/2025	Thursday	1	charade	Ginger, among others		synonym	That girl	her					particle	beginning to bother	b																																		herb	Kegler
72	72	Moving in a mass of loot, including trimmed ermine	TRUE	FALSE	TRUE	4/30/2025	Wednesday	3	container, deletion	Moving in a mass		synonym	loot	swag					particle	trimmed ermine	rmin					container	including	swa	rmin	g																									swarming	Kegler
71	71	Chilled, a mud wren shivers	TRUE	FALSE	TRUE	4/29/2025	Tuesday	2	anagram	Chilled		anagram	shivers	a mud wren	unwarmed																																								unwarmed	Kegler
70	70	Discussed minor problem with certain fabric	TRUE	FALSE	TRUE	4/28/2025	Monday	3	homophone	certain fabric		synonym	minor problem	nit					homophone	Discussed	nit	knit																																	knit	Kegler
69	69	Hurt most unusual rodents	TRUE	FALSE	TRUE	4/27/2025	Sunday	3	anagram, charade	rodents		synonym	Hurt	mar					anagram	unusual	most	mots																																	marmots	Kegler
66	66	Fulminate against providing drink	TRUE	FALSE	TRUE	4/26/2025	Saturday	2	hidden word	drink		hidden word	providing	Fulminate against	tea																																								tea	Kegler
64	64	Former Secretary of State's survey involving our group	TRUE	FALSE	TRUE	4/25/2025	Friday	2	container	Former Secretary of State		synonym	survey	poll					synonym	our group	we					container	involving	po	we	ll																									Powell	Kegler
63	63	Inquires nosily about despicable general's perks	TRUE	FALSE	TRUE	4/24/2025	Thursday	3	charade, container	perks		synonym	Inquires nosily	pries					synonym	despicable	vile					symbol	general	G					container	about	pri	vile	G	es																	privileges	Kegler
62	62	Starting after first of January working from home?	TRUE	FALSE	TRUE	4/23/2025	Wednesday	2	charade	Starting		particle	first of January	J					synonym	working from home	umping				In this case, "starting" means "moving suddenly and violently from a state of stillness or rest," while "working from home?" can mean "umping" when "home" is home plate																														jumping	Kegler
61	61	Fixate on ring Bess gets Sunday	TRUE	FALSE	TRUE	4/22/2025	Tuesday	2	charade, container	Fixate on		symbol	ring	o					direct	Bess						symbol	Sunday	S					container	gets	o	B	S	ess																	obsess	Kegler
51	51	Leave the better part of Southern Arizona	TRUE	FALSE	TRUE	4/21/2025	Monday	2	double definition	Leave	the better part of Southern Arizona																																												desert	Midas
181	181	Rejected Rod's suggestions	TRUE	FALSE	TRUE	4/20/2025	Sunday	1	reversal	suggestions		synonym	Rod	spit					reversal	Rejected	spit	tips																																	tips	Kegler
151	151	Strip of grass thaws out	TRUE	FALSE	TRUE	4/19/2025	Saturday	2	anagram	Strip of grass		anagram	out	thaws	swath																																								swath	Kegler
158	158	IRS forms, true, upset hospital personnel	TRUE	FALSE	TRUE	4/18/2025	Friday	3	anagram, charade	IRS forms		anagram	upset	true	retu				synonym	hospital personnel	RNs																																		returns	Kegler
189	189	View bishopric	TRUE	FALSE	TRUE	4/17/2025	Thursday	2	double definition	View	bishopric																																												see	Kegler
294	294	Tuna container holds exotic fuel	TRUE	FALSE	TRUE	4/16/2025	Wednesday	3	anagram, container	Tuna		synonym	container	bin					anagram	exotic	fuel	luef				container	holds	b	luef	in																									bluefin	Kegler
285	285	Edges away from paisley passageway	TRUE	FALSE	TRUE	4/15/2025	Tuesday	2	deletion	passageway		direct	paisley						deletion	Edges away from	paisley	aisle			Here, "edges away" means "delete the first and last letters"																														aisle	Kegler
126	126	Agreements with a corporation's primary power suppliers	TRUE	FALSE	TRUE	4/14/2025	Monday	2	charade	Agreements		direct	a						particle	corporation's primary	c					synonym	power suppliers	cords																											accords	Kegler
240	240	Alleged experts from United Nations starting to dig in mines	TRUE	FALSE	TRUE	4/13/2025	Sunday	3	charade, container	Alleged experts		symbol	United Nations	UN					particle	starting to dig	d					synonym	mines	pits					container	in	p	UN	d	its																	pundits	Kegler
160	160	Snag Hanks' first desire	TRUE	FALSE	TRUE	4/12/2025	Saturday	2	charade	Snag		particle	Hanks' first	h					synonym	desire	itch																																		hitch	Kegler
275	275	Range of influence of salt and pepper on this planet	TRUE	FALSE	TRUE	4/11/2025	Friday	2	charade	Range of influence		symbol	salt	s					symbol	pepper	p					synonym	on this planet	here																											sphere	Kegler
323	323	Quickly move Southern Indian dish	TRUE	FALSE	TRUE	4/10/2025	Thursday	2	charade	Quickly move		symbol	Southern	s					synonym	Indian dish	curry																																		scurry	Kegler
67	67	Son insinuating desire did not exist	TRUE	FALSE	TRUE	4/9/2025	Wednesday	2	container	did not exist		symbol	Son	S					synonym	desire	want					container	insinuating	wa	S	nt																									wasnt	Kegler
106	106	Fanatic raised alcoholic container	TRUE	FALSE	TRUE	4/8/2025	Tuesday	1	reversal	alcoholic container		synonym	Fanatic	nut					reversal	raised	nut	tun																																	tun	Kegler
83	83	C in C enthralled by brief opportunities to use power unjustly	TRUE	FALSE	TRUE	4/7/2025	Monday	3	container	to use power unjustly		synonym	C in C	pres				Here, C in C means "Commander in Chief," or president (shortened to pres)	particle	brief opportunities	ops					container	enthralled by	op	pres	s																									oppress	Kegler
129	129	Make black and brown patterned fabric	TRUE	FALSE	TRUE	4/6/2025	Sunday	4	charade	patterned fabric		synonym	Make black	tar					synonym	brown	tan																																		tartan	Kegler
256	256	Angry singer that is outside	TRUE	FALSE	TRUE	4/5/2025	Saturday	3	container	Angry		synonym	singer	rat				In criminal justice, to "rat" or "sing" means to betray your accomplices 	symbol	that is	ie					container	outside	i	rat	e																									irate	Kegler
207	207	Ron comes back with one dark film	TRUE	FALSE	TRUE	4/4/2025	Friday	2	container, reversal	dark film		direct	Ron						reversal	comes back	Ron	noR			For a down entry, "comes up" can indicate a reversal	symbol	one	I					container	with	no	I	R																		noir	Kegler
102	102	Rightfully, girl admitted to wild yell	TRUE	FALSE	TRUE	4/3/2025	Thursday	3	anagram, container	Rightfully		synonym	girl	gal					anagram	wild	yell	lely				container	admitted	le	gal	ly																									legally	Kegler
99	99	Ed's busy working with composer Claude	TRUE	FALSE	TRUE	4/2/2025	Wednesday	2	anagram	composer Claude		anagram	working	Ed's busy	dEbussy																																								Debussy	Kegler
321	321	Break tip off of tool, also	TRUE	FALSE	TRUE	4/1/2025	Tuesday	2	deletion	also		direct	tool						deletion	Break tip off of	tool	too																																	too	Kegler
315	315	Torment Mr. Truman	TRUE	FALSE	TRUE	3/31/2025	Monday	2	double definition	Torment	Mr. Truman																																												Harry	Kegler
193	193	Originally called some telephone extension	TRUE	FALSE	TRUE	3/30/2025	Sunday	2	hidden word	Originally called		hidden word	some	telephone extension	nee																																								nee	Kegler
74	74	Claims a shelf is mentioned	TRUE	FALSE	TRUE	3/29/2025	Saturday	3	homophone	Claims		direct	a						synonym	shelf	ledge					direct	is						homophone	mentioned	a ledge is	alleges																			alleges	Kegler
210	210	Again talk about returning that lady's tree	TRUE	FALSE	TRUE	3/28/2025	Friday	3	reversal, charade	Again talk about		synonym	that lady	her					reversal	returning	her	reh				synonym	tree	ash																											rehash	Kegler
208	208	Actress Ryan's jewelry returned	TRUE	FALSE	TRUE	3/27/2025	Thursday	1	reversal	Actress Ryan		synonym	jewelry	gem					reversal	returned	gem	meg																																	Meg	Kegler
316	316	"Perry Mason" actor's cocktail of brandy or rum	TRUE	FALSE	TRUE	3/26/2025	Wednesday	2	anagram	"Perry Mason" actor		anagram	cocktail	brandy or rum	raymond burr																																								Raymond Burr	Kegler
298	298	Saw-toothed river rodent caught by ranked tennis player	TRUE	FALSE	TRUE	3/25/2025	Tuesday	3	charade, container	Saw-toothed		symbol	river	r					synonym	rodent	rat					synonym	ranked tennis player	seed					container	caught by	se	r	rat	ed																	serrated	Kegler
280	280	Ordered blue drink	TRUE	FALSE	TRUE	3/24/2025	Monday	3	charade	Ordered		symbol	blue	b					synonym	drink	ade																																		bade	Kegler
252	252	Coffee contains ice	TRUE	FALSE	TRUE	3/23/2025	Sunday	3	hidden word	ice		hidden word	contains	Coffee	off			"Ice" and "off" are both slang terms (mafia-derived?) for "kill"																																					off	Kegler
82	82	Retro gym ran a mortuary section for centurions, et al	TRUE	FALSE	TRUE	3/22/2025	Saturday	3	hidden word, reversal	centurions, et al		hidden word	section	gym ran a mortuary	ymranamor				reversal	Retro	ymranamor	roman army																																	Roman army	Kegler
243	243	Early sci-fi writer's incredible nerve	TRUE	FALSE	TRUE	3/21/2025	Friday	2	anagram	Early sci-fi writer		anagram	incredible	nerve	verne																																								Verne	Kegler
236	236	Sister has married husband from Stockholm, perhaps	TRUE	FALSE	TRUE	3/20/2025	Thursday	2	charade, container	from Stockholm, perhaps		synonym	Sister	sis					synonym	married	wed					container	has	s	wed	is			symbol	husband	H																				Swedish	Kegler
282	282	Backed up store's streetcar	TRUE	FALSE	TRUE	3/19/2025	Wednesday	1	reversal	streetcar		synonym	store	mart					reversal	Backed up	mart	tram																																	tram	Kegler
209	209	Way out, very loud gold-plated concert gear	TRUE	FALSE	TRUE	3/18/2025	Tuesday	3	charade, container	Way out		symbol	very loud	ff				In musical notation, "ff" stands for "fortissimo," meaning "very loud"	synonym	gold	or				In French and in heraldry, "or" means "gold"	container	plated	o	ff	r		Here, "gold-plated" means OR "plates," or covers, FF	synonym	concert gear	amp																				off ramp	Kegler
205	205	Academic institution in Honshu ignoring the odds	TRUE	FALSE	TRUE	3/17/2025	Monday	2	deletion	Academic institution		direct	Honshu						delete odd	ignoring the odds	Honshu	OSU																																	OSU	Kegler
198	198	Run into limitless drama	TRUE	FALSE	TRUE	3/16/2025	Sunday	2	deletion	Run into		direct	drama						deletion	limitless	drama	ram			Here, "limitless" means without the beginning and end letters																														ram	Kegler
122	122	Ornamental strip from shirt worn backwards by Paul	TRUE	FALSE	TRUE	3/15/2025	Saturday	3	charade, reversal	Ornamental strip		synonym	shirt	tee					reversal	backwards	tee	eet				direct	Paul						container	worn	e	Paul	et																		epaulet	Kegler
163	163	Girls with large butts	TRUE	FALSE	TRUE	3/14/2025	Friday	2	charade	Girls		symbol	large	l					synonym	butts	asses																																		lasses	Kegler
144	144	Bauble from hockey venue seen in Asian celebration	TRUE	FALSE	TRUE	3/13/2025	Thursday	3	container	Bauble		synonym	hockey venue	rink					synonym	Asian celebration	Tet					container	seen in	T	rink	et																									trinket	Kegler
140	140	Descriptor of the empty room	TRUE	FALSE	TRUE	3/12/2025	Wednesday	2	charade, deletion	Descriptor		particle	the empty	te					symbol	room	rm																																		term	Kegler
112	112	Actress Cruz leaves prison behind in "Bond on the Run"	TRUE	FALSE	TRUE	3/11/2025	Tuesday	2	deletion	"Bond on the Run"		synonym	Actress Cruz	Penelope					deletion	leaves prison behind	penelope	elope			another word for prison is "pen"																														elope	Kegler
192	192	Cut short sharp criticism, per Rev. Spooner's plan	TRUE	FALSE	TRUE	3/10/2025	Monday	4	spoonerism	plan		synonym	Cut short	mowed					synonym	sharp criticism	rap					spoonerism	per Rev. Spooner	mowed rap	road map																										road map	Kegler
105	105	Sticky stuff found around a U.S. territory	TRUE	FALSE	TRUE	3/9/2025	Sunday	2	container	U.S. territory		synonym	Sticky stuff	gum					direct	a						container	around	gu	a	m																									Guam	Kegler
104	104	Poisonous snakes beheading stinging insects	TRUE	FALSE	TRUE	3/8/2025	Saturday	1	deletion	Poisonous snakes		synonym	stinging insects	wasps					deletion	beheading	wasps	asps																																	asps	Kegler
301	301	A sailor and a couple of reserves recalled mistakes	TRUE	FALSE	TRUE	3/7/2025	Friday	3	charade, reversal	mistakes		direct	A						synonym	sailor	tar					particle	couple of reserves	re					reversal	recalled	Atarre	erratA																			errata	Kegler
84	84	Pal Rob freaks out	TRUE	FALSE	TRUE	3/6/2025	Thursday	2	anagram	Pal		anagram	freaks out	Rob	bRo																																								bro	Kegler
279	279	Mrs. Adams is a great liar for the most part, upon reflection	TRUE	FALSE	TRUE	3/5/2025	Wednesday	3	charade, deletion, reversal	Mrs. Adams		direct	a						synonym	great	big					particle	liar for the most part	lia					reversal	upon reflection	lia	ail																			Abigail	Kegler
73	73	Coffee servers initially upset nurses	TRUE	FALSE	TRUE	3/4/2025	Tuesday	2	charade	Coffee servers		particle	initially upset	u					synonym	nurses	rns																																		urns	Kegler
107	107	Rob us over and over, auto-cannibalizing serpent	TRUE	FALSE	TRUE	3/3/2025	Monday	4	letter bank	auto-cannibalizing serpent		letter bank	over and over	Rob us	ouroboros																																								ouroboros	plunk it
68	68	Stories of general breaking alphanumeric display components	TRUE	FALSE	TRUE	3/2/2025	Sunday	2	container	Stories		symbol	general	gen					synonym	alphanumeric display components	LEDs					container	breaking	LE	gen	Ds																									legends	Kegler
164	164	Marsh full of grass hides male ex-slaves	TRUE	FALSE	TRUE	3/1/2025	Saturday	3	charade, container	ex-slaves		synonym	Marsh	fen					synonym	grass	reed					symbol	male	M					container	full of	f	reed	M	en																	freedmen	Kegler
12	12	No, fear not traveling between morning and night	TRUE	FALSE	TRUE	2/28/2025	Friday	2	anagram	between morning and night		anagram	traveling	No, fear not	afterNoon																																								afternoon	Kegler
162	162	Sleep at noon (twelve)	TRUE	FALSE	TRUE	2/27/2025	Thursday	2	charade	twelve		synonym	Sleep	doze					symbol	noon	n																																		dozen	Kegler
49	49	Legacy carrier is never mentioned, ignoring the speed of light	TRUE	FALSE	TRUE	2/26/2025	Wednesday	3	deletion	Legacy carrier		synonym	is never mentioned	uncited					deletion	ignoring the speed of light	uncited	un	ited																																United	Midas
50	50	Repeatedly slam nicer way to get to London or Tokyo?	TRUE	FALSE	TRUE	2/25/2025	Tuesday	3	letter bank	way to get to London or Tokyo?		letter bank	Repeatedly	slam nicer	American Airlines																																								American Airlines	Midas
111	111	Drink is permitted within borders of Chile	TRUE	FALSE	TRUE	2/24/2025	Monday	1	container	Drink		synonym	permitted	OK					particle	borders of Chile	Ce					container	within	C	OK	e																									coke	Kegler
56	56	In Boston, commuting T trains as a way to get around!	TRUE	FALSE	TRUE	2/23/2025	Sunday	2	anagram, & Lit.	In Boston, commuting T trains as a way to get around!		anagram	commuting	T trains	Transit																																								transit	Midas
57	57	Anti-tech DD and I are really into lute	TRUE	FALSE	TRUE	2/22/2025	Saturday	3	container	Anti-tech		direct	DD						direct	I						direct	lute						container	are really into	lu	DD	I	te																	luddite	plunk it
60	60	Pop star to hum quietly while slowly passing gas, we hear	TRUE	FALSE	TRUE	2/21/2025	Friday	2	homophone	Pop star		synonym	hum quietly while slowly passing gas	idle					homophone	we hear	idle	idol																																	idol	plunk it
9	9	Wears out swings, sometimes	TRUE	FALSE	TRUE	2/20/2025	Thursday	1	double definition	Wears out	swings, sometimes																																												tires	Kegler
53	53	Computer industry dude, after transitioning, declared Dallas home	TRUE	FALSE	TRUE	2/19/2025	Wednesday	2	homophone	Dallas home		synonym	Computer industry	tech					synonym	dude, after transitioning	sis					homophone	declared	tech sis	texas																										Texas	Midas
11	11	Wearing fewer clothes around Rhode Island is an impediment	TRUE	FALSE	TRUE	2/18/2025	Tuesday	3	container	impediment		synonym	Wearing fewer clothes	barer					symbol	Rhode Island	RI					container	around	bar	RI	er																									barrier	Kegler
297	297	My high school collects rare red resins	TRUE	FALSE	TRUE	2/17/2025	Monday	3	charade, container	resins		symbol	My high school	MyHS					symbol	rare	r					symbol	red	r					container	collects	My	r	r	HS																	myrrhs	Kegler
238	238	From a certain continent, a supporter welcomes Rick briefly	TRUE	FALSE	TRUE	2/16/2025	Sunday	3	charade, container, deletion	From a certain continent		direct	a	a					synonym	supporter	fan					particle	Rick briefly	Ric				Here, "briefly" means cutting out the last letter	container	welcomes	a	f	Ric	an																	African	Kegler
52	52	Buried in Tucson or an arid Southwest desert	TRUE	FALSE	TRUE	2/15/2025	Saturday	1	hidden word	arid Southwest desert		hidden word	Buried in	Tucson or another	sonoran																																								Sonoran	Midas
131	131	Was honest with Republican replacing leading Liberal, and celebrated	TRUE	FALSE	TRUE	2/14/2025	Friday	2	charade, deletion	celebrated		synonym	Was honest with	leveled					deletion	Republican replacing leading Liberal	leveled	reveled			Republican (R) replaces the first Liberal (L)																														reveled	Kegler
97	97	Towels off baby birds	TRUE	FALSE	TRUE	2/13/2025	Thursday	2	anagram	baby birds		anagram	off	Towels	owleTs																																								owlets	Kegler
232	232	Contort a sphere!	TRUE	FALSE	TRUE	2/12/2025	Wednesday	3	anagram, & Lit.	Contort a sphere!		anagram	Contort	a sphere	reshape																																								reshape	Kegler
306	306	Cries about large unkempt people	TRUE	FALSE	TRUE	2/11/2025	Tuesday	2	container	unkempt people		synonym	Cries	sobs					symbol	large	L					container	about	s	l	obs																									slobs	Kegler
101	101	Closes up aquatic mammals	TRUE	FALSE	TRUE	2/10/2025	Monday	2	double definition	Closes up	aquatic mammals																																												seals	Kegler
188	188	You mentioned sheep	TRUE	FALSE	TRUE	2/9/2025	Sunday	1	homophone	sheep		direct	You						homophone	mentioned	you	ewe																																	ewe	Kegler
324	324	Starts to teach baker shoofly pie recipe measurement	TRUE	FALSE	TRUE	2/8/2025	Saturday	1	initialism	recipe measurement		initialism	Starts to	teach baker shoofly pie	tbsp																																								tbsp	Kegler